竞品,长尾词,来源
Weglot,weglot translate,Google Suggest
Weglot,weglot pricing,Google Suggest
Weglot,weglot like magic,Google Suggest
Transcy,transcy shopify app,Google Suggest
Transcy,transcy ai,Google Suggest
Shopify Translate & Adapt,T&A app,Google Suggest
Shopify Translate & Adapt,T&A auto translate,Google Suggest
Shopify Translate & Adapt,T&A review,Google Suggest
Shopify Translate & Adapt,T&A more languages,Google Suggest
Shopify Translate & Adapt,T&A price,Google Suggest
Shopify Translate & Adapt,T&A api,Google Suggest
Shopify Translate & Adapt,T&A limitations,Google Suggest
Shopify Translate & Adapt,T&A export,Google Suggest
Shopify Translate & Adapt,T&A not working,Google Suggest
langify,langify shopify app,Google Suggest
langify,langify shopify,Google Suggest
GTranslate,gtranslate shopify app,Google Suggest
GTranslate,gtranslate shopify,Google Suggest
LangShop,langshop shopify app,Google Suggest
LangShop,langshop shopify,Google Suggest
LangShop,langshop shopify theme,Google Suggest
Weglot,Weglot alternative,PAS
Weglot,Weglot review,PAS
Weglot,Weglot vs,PAS
Transcy,Transcy alternative,PAS
Transcy,Transcy vs,PAS
Transcy,Transcy pricing,PAS
Transcy,Transcy review,PAS
Shopify Translate & Adapt,Translate & Adapt alternative,PAS
Shopify Translate & Adapt,T&A limitations,PAS
Shopify Translate & Adapt,T&A review,PAS
Shopify Translate & Adapt,T&A pricing,PAS
langify,Langify alternative,PAS
langify,Langify vs,PAS
langify,Langify pricing,PAS
langify,Langify review,PAS
GTranslate,GTranslate alternative,PAS
GTranslate,GTranslate pricing,PAS
GTranslate,GTranslate review,PAS
LangShop,LangShop alternative,PAS
LangShop,LangShop pricing,PAS
Hextom,Hextom alternative,PAS
Hextom,Hextom pricing,PAS
Hextom,Hextom review,PAS
Transtore,Transtore alternative,PAS
Transtore,Transtore review,PAS
T Lab,T Lab alternative,PAS
T Lab,T Lab review,PAS
Locales.ai,Locales.ai alternative,PAS
Locales.ai,Locales.ai pricing,PAS
Locales.ai,Locales.ai review,PAS
通用,best shopify translation app,PAS
通用,shopify translation app,PAS
通用,shopify multi language app,PAS
通用,shopify auto translate,PAS
通用,shopify translations API,PAS
通用,shopify language translation,PAS
通用,shopify translate csv,PAS
通用,shopify language code,PAS
通用,shopify language Liquid,PAS
通用,shopify language switcher,PAS
通用,shopify language selector,PAS
通用,shopify language settings,PAS
通用,shopify localization,PAS
通用,shopify localization api,PAS
通用,shopify localization form,PAS
通用,shopify translate checkout,PAS
通用,shopify translate URL,PAS
通用,shopify translate metafields,PAS
通用,shopify translate tags,PAS
通用,shopify translate alt text,PAS
通用,shopify email translate,PAS
通用,shopify markets translations,PAS
通用,translate shopify store,PAS
通用,how to translate shopify store,PAS
通用,shopify multi language setup,PAS
通用,Weglot alternative,PAS
通用,Translate & Adapt alternative,PAS
通用,how to add language shopify,PAS
通用,shopify translation missing,PAS
Weglot,Weglot shopify app,PAS
Weglot,Weglot shopify reddit,PAS
Weglot,Weglot pricing,PAS
Weglot,Weglot alternatives,PAS
Weglot,Weglot plugin,PAS
Weglot,Weglot API,PAS
Transcy,Transcy shopify review,PAS
Transcy,Transcy shopify app,PAS
Transcy,Shopify multi language app,PAS
Transcy,Shopify Translate & Adapt,PAS
Transcy,Weglot Shopify app,PAS
Transcy,LangShop,PAS
Shopify Translate & Adapt,T&A review,PAS
Shopify Translate & Adapt,T&A free,PAS
Shopify Translate & Adapt,T&A pricing,PAS
Shopify Translate & Adapt,T&A app,PAS
Shopify Translate & Adapt,Shopify translations API,PAS
Shopify Translate & Adapt,Shopify auto translate,PAS
Shopify Translate & Adapt,Translate Shopify store,PAS
Shopify Translate & Adapt,Shopify multi language,PAS
langify,Langify shopify review,PAS
langify,Langify shopify app,PAS
langify,Langify AI,PAS
langify,Langify reviews,PAS
GTranslate,Gtranslate shopify tutorial,PAS
GTranslate,Gtranslate shopify review,PAS
GTranslate,Gtranslate shopify free,PAS
GTranslate,G Translate,PAS
GTranslate,GTranslate widget,PAS
GTranslate,GTranslate plugin,PAS
LangShop,Langshop shopify review,PAS
LangShop,Langshop shopify app,PAS
LangShop,Transcy,PAS
LangShop,Hextom Shopify app,PAS
LangShop,Transtore Shopify app,PAS
Hextom,Hextom shopify translate app,PAS
Hextom,Hextom Translate and Currency,PAS
Hextom,Shopify multi language app,PAS
Hextom,Google translate shopify app,PAS
Hextom,LangShop Shopify app,PAS
Hextom,Weglot Shopify app,PAS
Transtore,Transtore shopify app,PAS
Transtore,Transtore shopify review,PAS
Transtore,Shopify locales,PAS
Transtore,Shopify multi language app,PAS
Transtore,Hextom Shopify app,PAS
Langwill,Langwill shopify review,PAS
Langwill,Langwill shopify app,PAS
Langwill,Transtore Shopify app,PAS
Langwill,Hextom Shopify app,PAS
Langwill,Shopify Translate & Adapt,PAS
T Lab,T lab shopify translate review,PAS
T Lab,T Lab AI Language Translate,PAS
T Lab,T lab shopify translate app,PAS
T Lab,Shopify translation app,PAS
EA Auto,Ea auto language translate shopify free,PAS
EA Auto,Ea auto language translate shopify app,PAS
EA Auto,Shopify Translate and Adapt,PAS
EA Auto,T Lab AI Language Translate,PAS
Orbe,Orbe shopify geolocation review,PAS
Orbe,Orbe Geolocation,PAS
Orbe,Geolocation app Shopify,PAS
Orbe,Shopify geolocation redirect,PAS
Orbe,Best geolocation app Shopify,PAS
Orbe,Shopify geolocation app not working,PAS
Selecty,Shopify Geolocation app,PAS
Selecty,Shopify geolocation redirect,PAS
Selecty,Geolocation Shopify,PAS
Selecty,Best geolocation app Shopify,PAS
Selecty,Shopify country selector,PAS
Selecty,Shopify geolocation app not working,PAS
Locales.ai,(no PAS data),-
Hextom,hextom translate and currency,Google Suggest
Hextom,hextom translate my store,Google Suggest
Hextom,hextom ai translate & currency,Google Suggest
Transtore,transtore shopify app,Google Suggest
Transtore,transtore shopify,Google Suggest
Langwill,langwill shopify,Google Suggest
Langwill,langwill shopify app,Google Suggest
T Lab,t lab shopify app,Google Suggest
T Lab,t lab shopify,Google Suggest
T Lab,t lab translation shopify,Google Suggest
T Lab,tlab,Google Suggest
Locales.ai,locales ai shopify,Google Suggest
EA Auto,ea auto language translate,Google Suggest
EA Auto,ea translations,Google Suggest
Orbe,orbe shopify app,Google Suggest
Orbe,orbe shopify,Google Suggest
Orbe,geolocation orbe shopify,Google Suggest
Selecty,(Google Suggest无结果-仅显示通用词),-
EZ,Ez shopify translate free,PAS
EZ,Ez shopify translate app,PAS
EZ,Shopify Translate and Adapt,PAS
EZ,EZ Product Image Translate,PAS
EZ,Shopify translate app,PAS
EZ,Shopify auto translate,PAS
EZ,Shopify translations API,PAS
EZ,Shopify multi language,PAS
Selecty,Transtore Shopify app,PAS
Selecty,LangShop Shopify app,PAS
Selecty,Orbe Shopify,PAS
